{"decayfunctions": {"sink": {"DecayFunction": "LinearDecay", "alpha": 0.0033333333333333335, "beta": 10.0}, "p_12": {"DecayFunction": "LinearDecay", "alpha": 0.0033333333333333335, "beta": 10.0}, "p_10": {"DecayFunction": "LinearDecay", "alpha": 0.0033333333333333335, "beta": 10.0}, "p_11": {"DecayFunction": "LinearDecay", "alpha": 0.0033333333333333335, "beta": 10.0}, "p_7": {"DecayFunction": "LinearDecay", "alpha": 0.0033333333333333335, "beta": 10.0}, "p_15": {"DecayFunction": "LinearDecay", "alpha": 0.0033333333333333335, "beta": 10.0}, "source": {"DecayFunction": "LinearDecay", "alpha": 0.0033333333333333335, "beta": 10.0}, "p_14": {"DecayFunction": "LinearDecay", "alpha": 0.0033333333333333335, "beta": 10.0}, "p_13": {"DecayFunction": "LinearDecay", "alpha": 0.0033333333333333335, "beta": 10.0}, "p_5": {"DecayFunction": "LinearDecay", "alpha": 0.0033333333333333335, "beta": 10.0}, "p_8": {"DecayFunction": "LinearDecay", "alpha": 0.0033333333333333335, "beta": 10.0}, "p_6": {"DecayFunction": "LinearDecay", "alpha": 0.0033333333333333335, "beta": 10.0}}, "resource_keys": null}